{"cameraMode":{"drawMode":0,"name":"Shaded","section":"Shading Mode"},"sceneLighting":true,"audioPlay":false,"sceneViewState":{"m_AlwaysRefresh":false,"showFog":true,"showSkybox":true,"showFlares":true,"showImageEffects":true,"showParticleSystems":true,"showVisualEffectGraphs":true,"m_FxEnabled":true},"in2DMode":false,"pivot":{"x":499.5503845214844,"y":498.0508728027344,"z":-32.91741943359375},"rotation":{"x":0.020681897178292276,"y":-0.02639383263885975,"z":-0.0005465051508508623,"w":-0.9994403123855591},"size":482.21722412109377,"orthographic":false}