{"cameraMode":{"drawMode":0,"name":"Shaded","section":"Shading Mode"},"sceneLighting":true,"audioPlay":false,"sceneViewState":{"m_AlwaysRefresh":false,"showFog":true,"showSkybox":true,"showFlares":true,"showImageEffects":true,"showParticleSystems":true,"showVisualEffectGraphs":true,"m_FxEnabled":true},"in2DMode":false,"pivot":{"x":280.4980773925781,"y":325.41839599609377,"z":-10.881500244140625},"rotation":{"x":-0.08404599130153656,"y":-0.062140658497810367,"z":0.005251022521406412,"w":-0.9945111274719238},"size":215.8333740234375,"orthographic":false}